rating,fav_genre,cast,advertising,length,score
3.434168251,0.029415594,4.712605362,0.94181441,124.9048155,1.889619426
4.141161944,0.001255875,9.510320273,0.303481042,104.1774255,2.848175084
2.104270436,0.581954922,6.385649652,0.771015211,118.9146763,2.844394333
4.067683819,0.216976227,5.74928483,0.690761036,119.5921111,2.520519209
2.545756474,0.985834041,1.736702519,0.643959003,137.0248953,2.446357452
3.705290325,0.018545806,1.436449281,0.167779817,170.618238,0.926561881
4.05748557,0.343164219,7.680723514,0.134220545,78.4716575,3.126440429
2.202793895,0.131294281,2.788548189,0.949174408,100.6207997,1.419437198
2.720851085,0.549555952,6.681723159,0.64819689,103.9727764,2.697931681
1.916552375,0.449337281,8.759494929,0.04078684,70.21542898,3.256945795
1.857489639,0.221954128,4.619085921,0.191093018,79.85591938,1.636696618
3.85592951,0.071511718,0.101312441,0.732215059,149.0149481,0.650242619
2.172909326,0.071644663,3.077997543,0.121294756,110.2668405,1.24547398
2.415879326,0.798478237,5.675528497,0.826084279,148.947882,3.008421862
2.985039353,0.067556167,2.562534313,0.877574413,78.4389888,0.906449254
3.119160034,0.957923756,7.387180342,0.696267538,110.7724409,4.024708816
3.188774023,0.714020704,2.967260437,0.906894945,139.6087432,2.420262316
2.838310038,0.955672395,9.980808597,0.824362357,173.5320694,4.490098106
1.855929446,0.913368794,7.787663268,0.662603406,85.57801604,3.79621918
1.100556538,0.829456565,3.902962987,0.518248981,151.0009673,2.369488365
4.618628269,0.478004206,4.216786282,0.778445483,132.9799187,2.761622807
3.41256129,0.810090283,2.246761223,0.133755625,120.3045238,2.440523643
1.938563904,0.543839056,1.749948804,0.20204338,145.0119511,1.438533675
3.965591286,0.17195198,6.467829705,0.27002366,153.4136443,2.37231296
3.649921449,0.699121716,0.095489741,0.713042533,137.5428368,1.569454523
4.658899101,0.775033213,9.005549249,0.415893763,100.0386369,4.224470781
3.669533437,0.484055729,3.927400241,0.595125058,108.0489655,2.390863063
2.775176909,0.613533353,8.434549926,0.791289997,159.3150911,3.823549279
1.127229544,0.418168012,7.416608129,0.03427931,164.1887346,2.891775139
4.407152787,0.036929148,2.952079815,0.268762578,177.0310854,1.392000979
4.184896474,0.806439175,2.937019747,0.199635047,105.7932723,2.710564288
4.856360173,0.022191008,2.752647896,0.90980918,112.8544892,1.743385906
4.240635745,0.605070802,7.743410011,0.723455195,130.0308433,3.740780551
1.504479019,0.826949259,4.432166172,0.447244372,150.4129235,2.841623978
2.561351814,0.018951414,3.21298957,0.049825433,94.13931232,1.122901187
1.033021206,0.164065785,2.547019545,0.895737592,72.18716094,1.386456171
1.03142857,0.300048688,6.745390424,0.547836605,140.704015,2.318544966
3.813179832,0.696797032,8.180511792,0.708392863,115.0149914,3.598313336
1.979546311,0.324326986,7.360115279,0.236286229,170.5621608,2.646553093
4.335344881,0.346542473,6.767199999,0.139085836,131.0148971,2.656522079
4.579655836,0.02288206,6.755397548,0.397352299,136.4970694,2.201230844
2.223811173,0.36026528,7.946085282,0.229952917,169.2713703,2.975719772
1.905966807,0.357470435,3.84622647,0.895618188,123.7340179,1.969650757
4.415681177,0.240547788,4.793386859,0.905219482,108.2462448,2.417238203
3.845839653,0.819111942,2.347097776,0.483842222,178.960583,2.312064584
1.656258462,0.87942564,9.523146955,0.814471069,98.46384283,4.109729501
2.021348179,0.371067158,0.103616003,0.689943618,136.2141584,0.779781953
4.583193509,0.957187561,5.593251754,0.79757162,66.12819084,3.820707782
4.315032763,0.31687334,3.383971441,0.247844172,110.4317611,2.039721566
2.660601204,0.198146586,8.294656196,0.424047829,71.74046539,2.885483991
2.544010588,0.029415955,4.728236136,0.826172701,148.6646924,1.6541358
1.747298452,0.111748263,2.30722732,0.381584369,85.52713103,0.682625824
2.976737057,0.374011648,3.555608964,0.997714773,65.90143861,2.10378629
2.585724476,0.80438295,9.078676613,0.305746667,71.25450502,4.071900148
2.304727908,0.483853998,5.485983704,0.842517925,151.1046914,2.589470555
3.713945324,0.093930359,1.78054778,0.880940202,87.58144259,1.12110223
2.103766275,0.219099102,8.324670462,0.221934791,161.5970597,2.718629667
4.482236692,0.912690909,8.11948465,0.902002648,94.93462207,4.319876211
4.320941397,0.900825165,1.846740634,0.380071062,95.24933579,2.300852312
4.995313479,0.884588356,4.656125154,0.820995402,98.56137252,3.424320451
4.349005926,0.09842549,3.055211734,0.030792272,98.21223686,1.575373063
1.71290456,0.346032285,6.239726585,0.171280536,139.6795731,2.47817111
2.897384144,0.556115229,6.169966494,0.977499075,70.60756451,2.997227132
1.274705285,0.365955917,1.853517841,0.428508429,131.7735383,1.105529801
1.654748928,0.493542843,1.516610073,0.83695698,96.42902956,1.632699949
1.326454862,0.342674132,5.155089492,0.349202667,129.2909889,2.220331967
2.622815743,0.831008963,8.038263228,0.951722748,105.7706326,3.778123998
1.326337241,0.955584989,8.868942447,0.376034971,94.69862023,4.034130321
4.058963936,0.96080031,6.815732704,0.284667321,80.42585813,3.930673474
2.149135352,0.708901331,5.300976826,0.322448743,103.8959219,2.912510651
4.590766174,0.06002585,3.691604471,0.883692165,83.58751507,1.881079178
3.536556882,0.204357069,3.315587827,0.90651929,135.0383497,1.626960015
2.840552147,0.136553386,1.404955623,0.169947613,81.26974136,0.815468897
2.002933257,0.852783177,3.014841153,0.092783906,128.1414214,2.238100496
4.016912866,0.912374966,0.997832547,0.377317827,85.92050946,2.020175973
1.439520555,0.862157528,8.21301666,0.949623099,126.9212093,3.755376731
3.465299769,0.048538896,9.632334423,0.770913987,108.1292157,2.892021529
3.233430909,0.79524023,3.335316124,0.996747445,155.9123084,2.743570499
1.245944303,0.326011274,0.376983362,0.26199049,76.85214595,0.648128175
3.910928432,0.560898285,3.161503056,0.891932548,94.80622297,2.337915982
3.050282456,0.933598574,1.632275291,0.943663773,149.1128113,2.143742311
2.006717808,0.419989633,9.497481293,0.189221532,104.2057335,3.030323657
1.274668595,0.812534369,2.572178582,0.703978049,163.2136415,2.130060156
4.063022,0.865245974,0.84490797,0.751751738,167.9643571,2.286880377
2.568212282,0.988403707,3.542877553,0.897728406,120.1584599,2.884003853
3.004955255,0.978532529,9.839354392,0.10236071,176.2709953,4.091617081
2.18935526,0.169923732,3.30318192,0.934378208,165.1120445,1.070800689
3.648806757,0.291421697,4.527908832,0.885174792,165.7913954,2.332389892
1.345751724,0.113607985,3.388335088,0.39006729,147.1483663,0.906689894
3.587974534,0.133711355,8.703584191,0.759866976,133.4569002,3.176461201
3.462851521,0.86487809,3.283799597,0.829011538,70.54439702,3.059863292
2.472643217,0.615644062,1.091994879,0.876175345,82.74845564,2.086321194
1.306759499,0.857732662,8.474107837,0.266389657,136.7670343,3.494596699
3.202008071,0.403798035,7.057182607,0.606710656,121.9654412,2.988311635
2.04091224,0.805154924,8.70789016,0.047342996,131.5794387,3.970774473
3.133846299,0.166782458,7.440694168,0.780718108,120.8926114,2.745670612
2.720250944,0.486309416,6.693235633,0.481911924,169.172473,2.877756596
4.979813173,0.097377515,9.334161542,0.721938773,116.4793075,3.307688366
2.576953509,0.561323158,4.99255252,0.723792934,60.9889489,2.660648736
2.033623605,0.767333409,5.651146926,0.375019851,158.9607046,2.925808037
1.194008713,0.622727156,8.970143712,0.113902056,96.33861254,3.400003079
4.984730971,0.386752393,2.985904576,0.069782721,75.90360809,2.070716396
3.963036243,0.409786424,1.139709227,0.075833209,84.97031535,1.445960241
3.204929617,0.202094545,5.316293926,0.49706885,167.2091055,2.001913848
2.186450684,0.035779842,6.290280478,0.768475658,147.9549879,1.967524439
3.754422466,0.719951427,0.963299631,0.37566073,109.5009283,1.911303006
4.299807197,0.665506966,6.547561736,0.054110018,96.28247836,3.179213536
1.875494661,0.048604253,7.615160758,0.355331177,87.71728854,2.179312873
4.649441683,0.945375812,6.745458189,0.191035272,97.83512272,4.159479057
1.248522567,0.877399789,9.127412428,0.730354007,104.760717,3.980141811
4.46608118,0.54767037,7.739455521,0.846249398,61.65238226,3.700291965
4.329499331,0.100585987,8.697277798,0.653155547,120.7865848,2.641979724
1.163385611,0.022694977,3.33442977,0.185651824,77.32845924,1.077064145
4.112075198,0.994317332,6.000914036,0.033260098,164.2351459,3.548470987
2.713762655,0.447393834,3.253901189,0.667808898,176.5223141,1.902047145
2.919930866,0.408666606,7.224756726,0.276561463,87.13831032,2.651114422
3.329893267,0.879694754,7.836455218,0.036426704,76.86056407,3.663098129
3.965522534,0.276141759,0.067697002,0.643709517,64.70883356,0.947737624
4.24627524,0.843162896,5.950529631,0.917037483,152.4970231,3.657781539
4.576522077,0.185494757,5.449563055,0.320546427,101.0616272,2.357075166
3.875199694,0.486015178,0.536682242,0.87291172,117.7872783,1.567862136
4.687357378,0.911929071,8.951430105,0.181149068,94.62399006,4.11436422
1.557846941,0.522881822,5.525984114,0.273290505,147.5924642,2.162130718
2.736697407,0.098760273,5.838023717,0.389520466,84.7173003,1.991207495
1.459932782,0.454054113,2.264139616,0.463850052,165.2942618,1.247348427
2.824279063,0.386633286,9.292392762,0.824218098,141.9068486,3.31201238
2.430289275,0.880925835,1.69620652,0.08228924,63.63241308,1.846495892
3.994450452,0.786887041,5.176738165,0.510373745,104.2679397,3.054049508
1.594492199,0.672832961,0.064279914,0.907800709,114.9385207,1.331410273
1.626362851,0.066300846,0.100472035,0.792108334,81.0484708,0.305965451
1.028228044,0.885382413,3.549984632,0.807356634,146.2025867,2.739096026
3.557547508,0.722547479,8.910628737,0.777843204,175.7891238,4.050805809
4.797721481,0.333676439,4.029986018,0.198000512,98.28012,2.078312317
2.888780449,0.059024032,5.811559548,0.807996799,154.0935781,2.079292979
3.309026027,0.433392059,8.029003144,0.811350261,167.5373944,3.059214472
1.957966231,0.171415202,9.752873716,0.371262472,60.40662834,2.843350877
2.42369361,0.88285896,1.526829678,0.591011277,174.8968342,2.031964577
4.714477728,0.205690987,1.931160303,0.465633337,154.2091753,1.561395587
2.320299116,0.44087028,8.232779361,0.081394418,75.09981541,3.157882494
1.686601341,0.564121754,3.123099052,0.310790279,125.591662,1.962568906
2.824528698,0.690899786,6.46611975,0.29882106,108.9984771,2.921021931
1.251681248,0.090256574,5.103807331,0.441145879,146.8431576,2.11890759
1.628970725,0.75966205,9.627941667,0.191800576,177.8937475,3.552916931
3.21650276,0.015732136,7.24405314,0.717810589,98.0433062,2.411138566
4.112109732,0.675943348,5.610666304,0.821901174,114.4941804,3.343028211
4.24972657,0.361261526,2.600091786,0.268755753,92.4076241,1.989913326
4.783757495,0.266911828,9.546885763,0.788017901,118.3623469,3.874930805
3.494992764,0.332998214,8.261948915,0.36678027,120.7493543,2.925872241
2.216163987,0.139639612,9.360431252,0.131162311,76.0031458,2.908279615
1.089882305,0.379379595,4.303518153,0.481480078,141.0054176,1.719914232
1.952275196,0.0285406,7.476568541,0.684056204,85.83570345,1.981037937
3.174040365,0.722086851,2.12231634,0.353104085,115.4724529,2.245050925
4.112934799,0.832829164,8.394704762,0.836694031,164.2388661,4.192049375
2.929528755,0.873510933,1.85269901,0.767467563,115.9823036,2.460983714
1.066059444,0.554530428,6.930274576,0.43470887,94.43879518,2.971568903
2.619564803,0.131927101,1.545331938,0.45723476,164.1370796,0.985826209
1.351911434,0.619240432,3.473972776,0.454490444,178.3266894,1.889563193
2.056011577,0.836352023,8.037812612,0.339482557,175.8656012,3.67646521
4.266935509,0.698983704,9.580471518,0.116074724,98.76042256,4.094300804
1.560444065,0.654753835,5.924157478,0.51129867,176.9955527,2.537973879
3.607847249,0.495522264,2.088702988,0.554026217,94.10903774,1.578290526
1.642397805,0.250824253,0.934839144,0.804955236,113.984822,0.953819996
3.522906071,0.907516355,4.375717948,0.523060641,141.3474408,3.057659932
1.652148774,0.623952535,0.159270019,0.434230386,148.8150703,1.1572502
1.718081967,0.490054645,9.498885108,0.438967313,100.5086047,3.420200448
3.088903448,0.874424196,4.147340079,0.804638037,130.84948,2.755857851
3.038019108,0.78883043,2.874436912,0.131934071,126.9970439,2.144021283
2.373826087,0.623265354,7.254715382,0.135114406,64.06340578,3.256250608
3.001229044,0.251529455,1.665513728,0.168736987,142.4801138,1.157638878
3.627974369,0.542922117,5.294926807,0.009738651,62.17270326,2.997398552
4.531606233,0.828137637,2.767767033,0.17154766,132.8556879,2.611730994
3.945394421,0.438580266,9.381110133,0.922934793,62.3447157,3.572713105
3.362872548,0.69936968,6.118858777,0.201338984,171.3976044,2.847236725
1.581080013,0.93402372,3.512353789,0.481360895,81.49009548,2.852290149
1.6714178,0.749517309,1.999580289,0.501702363,151.0787778,1.91544716
3.399963892,0.993014983,9.605458087,0.16071091,157.0157212,4.446900239
3.919219981,0.472877842,2.07184164,0.881700795,95.96051457,2.051361641
2.012753937,0.691771132,6.213004248,0.238092946,161.4590435,2.758543992
3.505444272,0.784576292,0.909089546,0.206015377,110.1156857,1.741384748
2.924222787,0.846661425,8.648334441,0.110780864,135.2313405,3.717209111
2.085483794,0.468512669,7.47221719,0.436872773,150.7197146,2.847738163
2.949598357,0.547350732,0.059423943,0.504744934,64.47379452,1.172444901
3.695708418,0.79967524,1.865779918,0.896307852,116.9090179,2.368963512
3.059966253,0.331423193,7.380668587,0.090190418,168.4883,2.798594333
3.123771849,0.670965121,7.245012004,0.435888409,102.3383587,3.275478991
2.328427647,0.253746532,5.147168633,0.152758385,136.8086555,1.874249949
2.203037111,0.68170337,9.1689025,0.095416987,119.9603829,3.777172684
1.730265287,0.751174687,1.875252862,0.851203051,90.79785396,2.062309406
1.522580504,0.688109203,6.231323236,0.11160426,133.6837379,2.718506129
3.808907597,0.753149193,1.015677906,0.047500654,119.4761828,2.001728992
3.565377318,0.383992921,1.658536903,0.953379161,90.83953089,1.516776975
4.175877863,0.820817291,9.372315716,0.576615223,159.1490871,4.315884187
2.496406891,0.435857403,6.396050526,0.810177331,105.4543143,2.536868299
4.331838129,0.742404904,7.880393168,0.978163954,67.73978752,4.05510448
2.0926136,0.415392384,4.599070099,0.014797441,121.0869583,2.017710756
3.493061306,0.000217715,7.8767508,0.093616344,106.9663868,2.309313971
1.52438881,0.280661861,4.140696419,0.828703266,63.93304448,1.70478751
1.13501404,0.927253152,6.126940071,0.319392593,120.4458783,3.055732167
1.670655978,0.140020765,4.345032055,0.580667032,142.482488,1.66194101
3.025014434,0.513929407,7.983983507,0.814247345,66.45504637,3.298888912
3.129295192,0.958547676,9.042411925,0.619217491,159.7360456,4.134405883
2.634232824,0.555886192,5.585958085,0.659745455,87.28069956,2.628497177
3.701346502,0.731212605,6.228676124,0.393139152,153.2499367,2.880863979
3.141815976,0.143282919,0.443810727,0.648645958,103.7033774,0.776360047
4.801454229,0.222610132,3.112507478,0.534831719,104.8015079,1.9513917
1.241288639,0.936050471,5.17363918,0.310648268,76.80074597,2.871685268
2.023764223,0.597761856,6.90745617,0.509748806,153.7153573,3.113210905
2.654319039,0.370637104,7.560674025,0.249643352,164.6660549,2.782348319
3.813931926,0.45424611,9.200290603,0.446733817,84.9628532,3.658369428
3.341030655,0.28071397,1.954403224,0.003897517,150.368062,1.162249328
3.145811738,0.467661574,7.11519554,0.945501456,75.71295062,3.064099738
1.219275106,0.886653314,2.821622602,0.945549038,130.1460779,2.371826691
3.829234865,0.765846255,5.807364006,0.1818523,147.33063,3.353359748
3.541466564,0.926423734,3.71342045,0.073855488,95.90917686,2.829037602
2.774732556,0.380108883,6.078333447,0.532067237,80.05511093,2.615929238
3.438247961,0.586315519,1.601732037,0.921758771,155.995621,1.938419594
3.977247454,0.412569713,2.65020701,0.824274982,111.102324,2.088180261
4.959444533,0.691307017,5.368693769,0.672640803,164.5623888,3.27944243
3.990141093,0.513432675,4.049332823,0.496415102,67.80793069,2.243490951
2.265128509,0.249582869,9.330508994,0.344908778,98.80576277,2.93815345
1.268945232,0.652145156,9.109690199,0.850985471,114.5520012,3.2395869
2.740907303,0.062859734,3.972516709,0.894837394,123.2079035,1.424372299
3.487798166,0.628501575,4.37608264,0.285044914,100.618221,2.495565952
3.765388861,0.883302641,4.46814093,0.857264562,157.2838898,3.202894568
4.123047767,0.413649954,0.925067503,0.354717281,110.6094751,1.643746768
1.085954464,0.49189681,0.326747402,0.008743733,89.25902926,0.791099105
2.331134987,0.196358565,3.108063755,0.57947106,78.06675277,1.303806145
4.481548742,0.277001712,7.123565438,0.765063655,95.33636439,2.850391613
4.40414862,0.359497814,1.463845087,0.904219058,142.5044144,1.557973771
4.719827601,0.315357791,5.272621301,0.687806139,91.29137263,2.595732589
2.899155145,0.483057655,0.102647374,0.759773135,102.8407361,1.311036825
4.517307023,0.971306951,7.879727696,0.209928952,131.3004349,4.121691851
2.253906231,0.885114842,7.574389812,0.343776368,174.9397138,3.51517926
3.275510246,0.683732532,0.134345492,0.125548872,70.13270865,1.65256269
1.198580405,0.09679922,7.389761829,0.676343984,154.836878,2.187684348
4.043604282,0.811794545,4.222643105,0.999695208,112.766856,2.910259447
4.591153601,0.110907844,7.508012884,0.425690013,63.60457359,2.834596657
3.644337369,0.277049702,7.437794926,0.281053539,125.6284887,2.729124879
3.553246082,0.831822235,8.373358347,0.779300443,125.2314751,4.190578866
2.61556216,0.184968789,7.973632744,0.556821409,143.7529964,2.758285542
3.997447864,0.849523321,9.419676185,0.069470487,61.62312663,4.265932581
4.401441159,0.24723207,7.688399688,0.123683763,120.3619048,3.007386665
4.283137573,0.597744662,7.623771576,0.546647943,106.4328965,3.521041189
3.615515882,0.704684185,0.877224709,0.859440566,130.2356317,1.924233866
3.036066734,0.551325349,6.132606265,0.668053253,82.61623113,2.861098067
4.161057549,0.514468148,8.582124169,0.564920896,67.06360127,3.662539086
3.565838782,0.693763086,5.511436284,0.076437999,125.6988281,2.902405745
4.27234077,0.090957545,4.477627709,0.270579997,153.9230802,1.937507978
1.601148332,0.897985129,6.319930994,0.250494055,172.0093382,2.950360754
1.758798486,0.308163637,7.057773225,0.104395773,148.502118,2.383070026
1.859768883,0.350936192,6.570646366,0.83726885,101.9323071,2.377079603
2.480988201,0.973481042,0.291902006,0.267899038,141.4456372,1.919280228
2.845928238,0.010510055,7.649044303,0.134122232,65.69971025,2.340378201
1.877385921,0.979102762,1.218335188,0.270702766,94.4661814,1.958669331
1.309664612,0.15888296,3.443783374,0.54388014,160.6256719,1.230524894
4.976700971,0.305429702,3.128636354,0.212409873,83.33014013,1.947723225
1.80303709,0.060042486,4.951289238,0.892556939,123.0436086,1.846867224
4.270394722,0.598420923,1.806328887,0.945882004,155.1725616,1.900916401
2.589421343,0.165658065,7.326563803,0.516842257,118.2223557,2.07166084
2.088386534,0.901409313,9.637201813,0.981425859,131.2261772,4.406627651
3.491677565,0.664711392,4.748128924,0.632016267,74.95960297,2.573833149
3.648108599,0.808772883,5.523181433,0.984438321,96.08551118,3.291622616
1.569219667,0.206861743,3.838533489,0.385678188,147.2783803,1.293474497
2.868812737,0.38453172,5.662651695,0.649950077,170.3348146,2.453698758
2.914623148,0.593179297,7.943456186,0.342953846,176.6454625,3.405857848
3.488669337,0.096370371,4.890925552,0.468552576,115.8352288,1.721910528
2.31455042,0.779246393,6.462482843,0.703698931,147.5801457,3.535528359
4.851248638,0.519695876,3.734026365,0.203708992,160.880385,2.313226891
2.411289451,0.182431089,8.534237417,0.083342387,135.5332553,2.669385812
3.549309667,0.797987914,5.947205256,0.698469846,60.84304112,3.249078157
2.855689364,0.98103728,2.962126912,0.522524893,123.9760513,2.649366538
3.015019917,0.906670784,1.956382887,0.881971948,101.0741222,2.6170599
1.083145145,0.280353375,1.453957503,0.270803257,60.89576157,1.012298825
4.298432589,0.162240921,2.470293107,0.749587974,155.0272479,1.722567771
4.28325448,0.670567088,1.917181414,0.645429711,71.02853667,2.188433166
4.732181971,0.362903249,9.356369453,0.334940527,80.55394769,3.839050746
1.302755687,0.50853569,8.485361521,0.065891399,125.7174407,2.99054737
4.923993181,0.955757008,7.241602811,0.815705492,68.04193732,3.950100971
4.858307021,0.790970463,4.179598743,0.789464064,113.2590002,3.126476174
1.106183609,0.615310297,1.890551661,0.132835482,99.34417015,1.441314896
3.447546488,0.43324456,0.407362134,0.095947257,160.7589609,1.39743306
4.881494864,0.825921603,3.261664057,0.827397549,121.5721257,2.757857115
4.91577784,0.0829103,7.019178874,0.382723098,115.7841872,2.52167647
2.342125234,0.94517521,9.809479897,0.874181486,129.7873268,4.617284659
2.63955047,0.802139049,0.52561328,0.415975569,92.37505425,1.832416518
3.526844028,0.980007681,7.51469892,0.978636442,72.79249068,4.102367613
2.095748306,0.848458366,6.536396122,0.972634797,61.5247641,3.365083161
1.592407939,0.487895787,2.822984345,0.950761172,118.1866556,1.630968109
2.772140267,0.518633948,9.014091267,0.059170526,153.5282983,3.2215933
4.42025063,0.604983493,7.42070231,0.160688344,147.6929425,3.228061237
2.715441693,0.980781576,1.747024475,0.409472113,118.3696602,2.227134
4.651522015,0.323731624,2.119107619,0.963259448,86.26163799,1.714595771
4.955482332,0.598106548,5.532847909,0.445258905,147.5187704,3.068521963
4.299030429,0.260068782,0.155118951,0.237706686,67.96027657,1.247456483
4.279641073,0.00640207,5.003802997,0.6200784,102.7635086,2.182073808
2.557961823,0.341561193,6.999346266,0.353527637,91.43019924,2.600295639
4.595082205,0.782012823,3.838016503,0.012952061,82.29863628,2.673849634
3.174936952,0.202086592,5.274741314,0.663702742,87.19321841,2.284164989
2.949311782,0.661051277,3.263718441,0.693226966,113.5545712,2.047288329
1.999321171,0.574001663,9.003993203,0.798664535,63.70567785,3.57505217
2.645410734,0.341186251,9.581004788,0.422399707,150.6636154,3.283752908
3.378897845,0.882622541,7.086469208,0.009172471,102.8223657,3.608304524
1.091317827,0.658588334,2.058249484,0.87746384,78.78482714,1.744469384
4.581299333,0.843193214,4.672333116,0.776103436,171.914932,3.354801057
4.856034435,0.669920313,9.012721839,0.804333717,91.45778123,3.877948101
1.139268313,0.005881544,6.180164966,0.606121363,157.5690267,1.534620876
3.893673859,0.831654938,5.194394394,0.060719796,93.32448695,3.08482756
1.17968766,0.604562,6.664489379,0.150423957,157.5996081,2.827228919
2.800417034,0.83978723,0.446971941,0.942356106,142.13906,1.853981453
3.617447714,0.322582323,8.864994337,0.066301547,80.09420029,3.209475904
4.352785024,0.200538962,5.492233712,0.966717178,112.4179229,2.344231814
1.129076405,0.994885173,2.156643129,0.404691988,132.0268908,2.173835876
1.10114394,0.972571401,8.139805434,0.248321389,155.9090859,3.629428666
2.711544329,0.549533621,4.081323882,0.357792252,114.5327443,2.51087435
3.993289583,0.195089257,8.634922727,0.707200136,73.48830581,3.022696083
2.464122415,0.825946517,7.98910859,0.994811088,118.3575595,3.647694572
4.533850427,0.527623886,2.231905388,0.36889285,168.1489737,2.055166222
1.745821988,0.009947128,0.969273108,0.854988953,147.9436685,0.750368701
1.52767861,0.671122491,2.251561598,0.960719863,91.90417235,1.823762336
1.576442061,0.771895574,9.811505493,0.37459683,125.9933279,3.830447709
4.572196801,0.875032291,2.024338633,0.517776994,175.9846245,2.412236782
4.686685109,0.643154164,5.536230716,0.568417188,156.2210828,3.185193859
2.494667606,0.839443334,4.682945665,0.286016159,76.37764172,2.810340802
1.162694675,0.087902084,1.405396644,0.551473163,69.38783985,0.777668113
1.196073453,0.539911894,4.976340906,0.095104614,80.34157477,1.972351189
3.431111295,0.536737922,7.253765107,0.757387558,96.95589815,3.482803958
1.516570752,0.516013787,0.995844857,0.677887771,109.0915936,1.361309266
2.016940295,0.501378712,4.30674183,0.004815515,147.5619595,1.895944265
1.942771681,0.927003636,9.298176399,0.223615141,155.6831207,4.132795213
3.206039733,0.826855596,6.43825528,0.919069742,142.4937545,3.427104944
3.827827415,0.020174902,6.442038546,0.907169785,136.8394591,2.111044751
4.869512995,0.730228375,0.410849226,0.583412802,114.7697869,2.093814331
3.815855551,0.689715131,8.673748807,0.308266967,165.2257654,3.858605657
1.621947109,0.67588392,7.210671675,0.57641326,159.2931899,2.842212542
2.890988591,0.724546585,0.180366234,0.688174793,130.7865662,1.644227066
3.313720319,0.940720649,8.57254537,0.051621019,150.7557372,4.195194154
1.954924929,0.861982563,8.38373202,0.139343107,101.7339017,3.566456232
1.248167976,0.109523956,0.651090071,0.371216433,114.2305147,0.532112787
4.915357013,0.693410448,8.479455847,0.631639773,135.527496,4.12248033
1.6640971,0.393289738,2.219965342,0.251030671,179.7994527,1.652254989
4.608138206,0.604431071,9.212459932,0.256269164,89.84213478,3.925645405
1.828609893,0.318901911,1.194716222,0.125794971,90.64249451,0.8001834
4.20034166,0.738109115,8.058924653,0.786683638,133.8221997,3.832792652
3.349009784,0.809530352,5.789200881,0.357176427,85.45332593,3.200731847
2.94460986,0.436523254,4.994301106,0.142976734,168.7167983,2.26767044
2.419529039,0.126012295,6.432652205,0.06502912,113.2775031,2.074861788
3.874437581,0.586490918,9.498453724,0.413029323,163.3711593,3.772962327
3.289225484,0.260501032,1.401796966,0.514629874,143.2186775,1.346350388
3.977993478,0.384116622,7.303321051,0.978889686,128.2179457,3.116475261
2.51100211,0.429170785,2.15308167,0.943669316,106.828269,1.394885138
4.750697171,0.246654297,4.202869834,0.626160313,175.8217651,2.205869667
2.128565078,0.533172581,3.378392682,0.177410088,116.6893741,1.8698399
2.296546601,0.346159279,0.116850151,0.97407532,98.84050869,0.977138649
4.234416934,0.874798273,9.120162097,0.93808025,160.0414918,4.429299461
4.571324101,0.739403944,4.182018869,0.727247375,106.0732352,3.305242205
4.50326973,0.199140069,3.230745554,0.022107234,104.2884152,1.697411778
2.212938101,0.202290503,8.452370326,0.264481986,178.2857025,2.718403048
1.329933391,0.499301699,4.732590163,0.108169994,79.53153083,1.975785994
3.2669547,0.800188941,1.28963609,0.166456494,148.9514752,1.900000314
4.845320028,0.858043597,5.642380259,0.671800483,136.1336501,3.624163233
1.750958875,0.348884584,6.821206363,0.231572436,133.7249736,2.645087859
3.030396921,0.251741061,7.718031292,0.586426528,97.56104365,2.791256983
2.483236667,0.193986522,2.476059113,0.731748649,119.7492396,1.370178457
4.774763132,0.443083717,4.019264234,0.761525123,157.9793342,2.551366559
2.712254889,0.926831488,6.12871421,0.63209184,115.2789938,3.452759786
4.526632165,0.975115285,7.043640951,0.48177118,71.98707579,4.184292797
1.934437437,0.802660917,4.731716185,0.970043684,142.1051511,2.759804198
3.839228918,0.073922446,3.927654883,0.130232606,93.66298758,1.775088242
4.870922955,0.279089261,9.695720609,0.780428505,173.1009819,3.56612525
4.710393209,0.42477429,5.831290632,0.571903959,168.1370478,3.08887668
2.224902398,0.159711538,7.675594186,0.26232741,104.1926803,2.430580517
1.526059135,0.95383803,9.583321937,0.963563228,96.91136107,4.402527275
4.657055437,0.544355001,9.937230982,0.976907807,76.68999679,4.482525476
4.851017243,0.841274936,8.449509228,0.817052948,141.7068315,4.368970199
2.826208514,0.088584015,2.747423323,0.553484955,66.75780383,1.589222508
4.390497095,0.019685305,5.7805377,0.131446701,118.4701555,2.036598428
1.453887705,0.889000003,7.232487432,0.307887259,167.8979504,3.526897472
1.164993136,0.709005781,0.510625605,0.264437206,71.48200138,1.280820777
1.503159638,0.094333651,3.571989673,0.874095764,146.4733854,1.326228813
2.200968984,0.300415574,0.79492732,0.842997404,68.08696142,0.830288574
1.025808524,0.639682638,4.545202356,0.014294913,85.98400263,2.096325984
4.351784259,0.042470003,8.573012873,0.829313466,113.6406179,2.825927968
4.607782593,0.283267681,7.330850164,0.891178338,155.3026878,3.091877999
4.585198882,0.245357634,7.346011634,0.592506213,166.2263128,2.662453153
1.959368669,0.270314247,4.225135854,0.557254709,176.8920165,1.853424454
2.297865254,0.688866922,8.340620372,0.891322292,176.6670274,3.57342279
3.208943199,0.283388373,9.235183233,0.942025501,133.0289683,3.286638545
2.833818276,0.571175086,1.402852359,0.243619107,158.9940076,1.68508538
2.250426241,0.114900905,6.276448897,0.899485137,150.7111,2.309532679
3.557597854,0.179506341,6.540564555,0.963401805,63.20352491,2.466172498
3.916876726,0.416289743,8.905572554,0.97835941,179.4146796,3.317613559
2.090317564,0.450518565,1.604523845,0.94642501,164.1476899,1.01081437
2.848275277,0.136501294,0.165957947,0.330160607,123.3427843,0.4972471
2.34940486,0.471033414,8.407155761,0.256041478,78.0976639,3.316914906
1.592321102,0.647909635,4.810687624,0.77715987,94.574139,2.305268521
3.367427241,0.500327514,7.414882093,0.832820194,114.4618058,3.271395794
1.052223973,0.175269776,6.36328348,0.625685337,166.8335607,1.923326856
3.53672324,0.187133321,2.539356982,0.920427475,91.30839399,1.503322346
4.317511377,0.529997711,9.308646638,0.257984602,143.0558679,3.670092268
3.029346777,0.543529835,2.296619811,0.582441928,121.5776514,1.951120847
4.0003163,0.176631483,9.950771947,0.003754025,103.8655648,3.399637622
2.829092542,0.940804066,5.454386814,0.666454473,114.794213,3.379125734
3.143443085,0.617660818,2.139524629,0.040982907,87.69555598,1.927214774
4.045568435,0.750376509,6.64908761,0.398135965,139.1841866,3.474421405
4.19058132,0.678836064,4.807881085,0.51110766,95.72456794,2.757810621
4.104490029,0.899049984,8.298558749,0.359842327,71.33067054,4.05164017
3.049357034,0.792854946,6.091142747,0.297392161,125.7084409,3.221868265
1.808743284,0.90681333,9.572869072,0.072454927,95.59328579,4.067200389
4.596610226,0.260182524,2.330382433,0.359357637,166.9906547,1.402653101
4.614421413,0.191901459,4.994227486,0.95769195,85.32491515,2.692466124
3.449003818,0.407661667,9.295401443,0.650399912,139.7008347,3.672282529
2.579497358,0.295356656,1.008101958,0.217823042,134.6476424,0.956275785
1.097353316,0.762440786,2.760703545,0.952700526,145.4016768,2.025333114
3.279540581,0.171177425,6.91709297,0.602770492,115.2937427,2.39024338
2.031386632,0.462017471,0.969959353,0.863367945,82.36455311,1.47289853
4.297011133,0.017886543,3.963546983,0.337210555,123.1342585,1.690681796
4.830699537,0.325345577,9.002704839,0.735230951,172.9804681,3.445200455
3.944311734,0.416974595,5.447002968,0.286411062,90.61825152,2.408338126
4.487847881,0.028336705,3.738964514,0.929842938,64.47616873,1.871277459
1.251297842,0.694727754,3.68182794,0.48350334,83.53728228,2.37667829
1.596013474,0.994931148,4.749031934,0.944099382,135.1579837,3.014487468
4.261363982,0.584049137,1.695126932,0.749804094,80.80399437,1.845017114
4.385142599,0.26161209,4.368854702,0.091994155,109.3535395,2.002103408
1.991434561,0.739598041,9.930188637,0.884926037,89.84103578,3.77787027
2.977837904,0.834911245,2.259143005,0.033388319,89.16128552,2.446429518
1.288428805,0.323382729,3.196523436,0.546991865,84.91238525,1.649152565
4.789070119,0.378475787,5.141313845,0.967561785,155.719919,2.573247576
1.38676795,0.39756463,8.21975973,0.303035601,65.05942488,2.706204843
1.708323503,0.468935551,9.092368845,0.053674725,110.6577964,3.142471737
2.197865609,0.90993773,8.503962256,0.750547936,160.3625059,3.727095087
4.209667317,0.393694125,1.314272372,0.247634732,137.4464839,1.677620501
4.076810496,0.938736936,8.654065036,0.067242421,96.68648593,4.166378999
1.835969728,0.751058264,6.026282153,0.251470317,74.21877359,3.009990658
2.173525499,0.606309,1.70058704,0.308276383,163.2000915,1.771967746
1.269955017,0.804355708,9.841551334,0.11601208,124.0975376,3.865317753
4.318517005,0.073187755,1.898738787,0.594090627,89.96039276,1.222066107
4.068371296,0.108806946,9.362013762,0.356753957,125.9759182,3.169201509
2.944024498,0.178149581,1.381575336,0.443557595,156.3635268,0.977664071
3.081299692,0.319702444,9.524408554,0.500207352,145.669419,3.345151088
3.917504537,0.530385345,6.496756971,0.946804269,98.35362226,3.21532599
1.124687358,0.702933179,9.41666587,0.216228886,104.6227361,3.955180854
4.515298183,0.87931314,3.785309341,0.968889586,158.5427719,2.795053243
2.255533094,0.681106743,4.96533945,0.09559133,64.97127698,2.901095113
1.099091805,0.0928488,0.574743794,0.133458737,63.07613558,0.65002253
3.141063515,0.581862337,9.158807019,0.726458269,126.9600936,3.397688713
1.474386286,0.858319085,5.049982536,0.6790305,112.7929807,2.95355338
1.417958449,0.762299477,2.59901747,0.513656351,147.6248519,2.026587444
4.526492346,0.553504447,2.665434443,0.809290343,152.5733588,1.954992736
2.888013657,0.33055021,1.3188302,0.50166293,166.2142249,1.20320051
3.584752029,0.801728242,7.443774819,0.742237465,68.36651839,3.681944974
2.380928996,0.281711055,3.567757734,0.733673858,175.9138951,1.476217867
2.882328151,0.589156525,5.986686284,0.090355956,166.6578662,2.510234765
1.315989812,0.685770967,3.71797036,0.09559748,80.68495587,2.165778885
2.628291162,0.314522812,1.212167458,0.62535113,160.7680841,1.400793997
4.861668854,0.821130111,1.281420463,0.883420916,68.27076551,2.479889537
4.171872243,0.318632832,1.507337616,0.634160669,146.7135416,1.339011905
1.060238196,0.833999922,8.851982802,0.110188779,174.7367749,3.545320374
3.343900703,0.552364383,3.218497516,0.755476351,159.7276974,2.213515652
3.577747219,0.342129734,7.929134658,0.119892204,130.4455724,3.112229234
2.876429514,0.631918985,7.419383955,0.977700031,64.1899704,3.43909833
2.284416648,0.164057997,9.265366828,0.965507562,60.06580312,2.887448124
1.662419613,0.619980045,6.08616602,0.488784277,125.5329225,2.884087297
4.400875775,0.042588001,3.545243264,0.287863186,125.1118715,1.274637042
2.680477118,0.176942963,5.199102507,0.622860212,146.033872,2.072686411
2.162344675,0.203408493,3.728683095,0.227142142,82.5736306,1.546891279
1.401913786,0.083488859,5.168988233,0.516062623,94.1822299,1.566828268
1.379934624,0.679376471,9.178114907,0.044616788,120.3336447,3.383887179
2.759799835,0.179829335,5.212529187,0.718575996,135.4919159,1.795356943
3.758509939,0.229203489,0.756841952,0.914297928,110.6081743,0.970883648
2.796126756,0.110495541,7.121486156,0.401450336,61.89257167,2.579977164
3.672554591,0.118035112,7.645565411,0.064474821,156.1955607,2.665371852
2.577893936,0.022749434,0.131367409,0.835427594,151.6642176,0.780481949
4.912643429,0.637101342,9.434723447,0.846233326,61.70971044,4.381870331
4.90784131,0.793171675,2.628320738,0.027702254,86.46371124,2.658123366
4.151994759,0.433600686,4.157101723,0.821144206,174.0421173,2.440428945
3.350351298,0.598601167,7.399503264,0.07433163,169.567642,3.185795544
2.072219568,0.837495512,0.451997517,0.748959754,146.0447279,1.510517081
4.474654728,0.011040005,0.049118025,0.116725706,164.2724367,0.559504676
2.705405682,0.117749842,9.768511018,0.09207827,112.0486526,2.971343882
1.255283612,0.458694287,8.447712962,0.781137101,110.1827807,2.915159137
3.037794443,0.430141426,1.681163228,0.48009393,118.1368789,1.768394134
4.248244898,0.191755328,2.200813108,0.239284619,84.62056537,1.387608204
2.264164627,0.985924962,7.215872946,0.777503561,96.27004638,3.670553308
2.048164,0.486416288,1.151585734,0.375861614,156.3672987,1.173014698
3.100453883,0.996195749,5.242419727,0.050125841,65.97083992,3.393327718
1.609052026,0.535003745,3.809919788,0.107610926,148.9320416,1.772649231
1.7007825,0.444039276,5.5750074,0.533222386,87.78849835,2.678045049
3.399223987,0.39999357,7.21673996,0.018277624,114.450208,3.101483766
4.356130326,0.164560678,4.130201207,0.822986296,140.9341772,1.97485966
1.559512415,0.853199275,6.732209703,0.569891759,89.42627734,3.455849776
1.305401791,0.419166432,9.144973143,0.960555978,66.70693043,3.222975958
3.121806208,0.384771687,4.125786665,0.007847559,71.79607514,1.998830865
4.529138395,0.162618648,2.821215382,0.703018283,62.25225454,1.461066304
3.731348156,0.201450161,9.316905077,0.879355888,157.1182438,3.311613019
1.651388738,0.224896439,5.728315001,0.743132175,107.9847002,2.090865652
4.258852772,0.671771661,0.2887743,0.029786444,175.2501959,1.587146509
1.937952245,0.553027773,3.476482155,0.915137204,144.0753884,2.072850607
1.272741504,0.259136557,0.99900509,0.537912058,133.2135383,0.833308738
4.046324317,0.859040527,2.370670326,0.181910183,92.61164178,2.580806146
2.525556399,0.057081668,1.38191688,0.429357985,150.873618,0.732686737
2.188291999,0.809974692,7.957672573,0.639800407,129.7980322,3.601705191
2.839665977,0.097945016,0.084794683,0.661000874,117.3600139,0.434702776
1.545752686,0.036430475,3.190910967,0.152510467,141.3829584,0.952293799
3.576832297,0.048848562,1.853826872,0.313192264,156.3254631,0.933631209
1.426261198,0.175871769,8.084112616,0.963847949,106.3656924,2.490539343
3.539622538,0.764570489,0.116122855,0.985807122,133.9713889,1.780676751
1.227536712,0.756102029,2.917506812,0.957699943,165.5615461,2.22019995
1.566764183,0.58453679,1.30829042,0.914184052,101.8400852,1.581069495
3.434911067,0.533273854,8.362408692,0.257910801,92.40670936,3.476610122
1.137719369,0.376582619,0.887761836,0.120333152,143.6752541,1.036754438
4.919036069,0.889966868,7.848811075,0.748283942,168.0771564,4.265090739
2.999226963,0.50135755,1.361300932,0.182418041,120.6828424,1.534621927
2.020101012,0.361118063,8.142572032,0.668854053,93.01869802,2.946597384
4.80146292,0.635749854,9.136040318,0.735514864,107.2543081,4.120491235
3.348719541,0.544755172,3.57915993,0.434136822,151.3178728,2.277250187
4.882131945,0.232620232,3.676853797,0.022777365,158.0399245,1.887942357
2.178015695,0.672817723,5.103111636,0.484718141,148.5335809,2.636357239
1.245063632,0.981476054,2.096017899,0.08320289,70.44148261,2.143171341
3.37496515,0.964958675,5.568364057,0.116502019,77.86390829,3.608107348
3.715652759,0.145692924,8.453149595,0.411619686,66.72688709,3.18487846
4.436346483,0.437648078,4.252075258,0.851091666,73.34044369,2.544153649
1.494583347,0.165541838,3.42872456,0.927460597,128.5264956,1.365086784
1.011927302,0.278550468,0.72980222,0.386296033,75.37375014,0.920276243
4.221260852,0.322241179,3.5757518,0.56158011,78.5984499,1.686236155
4.399321299,0.577851202,7.388862774,0.832162938,156.8616212,3.543918628
3.740709045,0.561871885,8.603169893,0.399176175,75.19569909,3.525832241
1.55207301,0.88314113,9.902690899,0.986973178,104.4458251,4.407297426
3.04360778,0.059249359,1.637891691,0.823346308,98.9695961,1.17667645
2.879261379,0.232967835,6.832866732,0.774048381,70.17309144,2.847113513
3.426049083,0.288467971,4.342553691,0.529175297,169.309809,2.013703707
2.042968932,0.810793373,1.859138981,0.91136621,157.785751,2.024237583
3.774118707,0.515648543,0.582593587,0.018773189,85.44042764,1.253134812
4.390527732,0.682223611,2.17409195,0.089047712,148.0623452,2.130643201
2.850199674,0.128709363,6.220300182,0.065722877,98.74573099,2.15169724
2.436856645,0.849451368,5.822396549,0.596687562,112.9206944,2.921845625
2.647398184,0.366285185,1.589727389,0.050924785,165.5548518,1.539357122
1.924825531,0.690372123,6.997160979,0.817123766,76.31646435,3.429338335
3.556024791,0.585931785,1.635566564,0.486432015,92.60076692,1.534663689
1.411814611,0.569397471,5.76538254,0.493458482,115.964245,2.732771553
1.887769869,0.191426097,1.35779907,0.933646528,139.4129354,1.169502161
3.620181342,0.432097775,3.437566525,0.46048976,170.3101133,2.04719204
1.96945835,0.543273194,6.577647587,0.491303498,96.50120931,3.081757811
1.352088642,0.301349277,7.036321019,0.091375275,122.2247075,2.477402818
2.957195327,0.889185313,4.963808676,0.266207899,97.79156733,3.210099641
1.137479793,0.014967566,3.880512992,0.10235138,161.3686716,0.994065931
3.414635822,0.082137666,8.938274382,0.801614369,71.07156078,2.838486747
3.728830689,0.678599875,5.800994545,0.026299356,135.1983013,3.017110128
1.673444403,0.255608128,6.70127429,0.22392516,90.62826571,2.144230468
4.768571625,0.359104249,3.775859757,0.858935998,140.048806,2.131008443
1.046050698,0.80373868,5.357907142,0.441275595,110.5913964,2.570347148
1.306844378,0.674315699,2.985998415,0.814130953,126.8443792,2.058275526
2.723370082,0.50917331,9.295332607,0.003089402,169.5876064,3.238594606
4.919371473,0.267057099,1.959478766,0.747722726,169.2197185,1.589183934
1.69521966,0.084603356,3.98475615,0.007501581,113.3434228,1.291622412
2.05215998,0.190412793,0.539576072,0.482686759,63.75363099,0.547847392
2.711092752,0.477423396,8.236266691,0.758720063,102.9650469,3.082518301
4.350487949,0.471022171,4.857279212,0.866726207,152.3240157,2.904622711
1.406965248,0.787332369,9.258969318,0.995373891,152.058975,3.86800582
3.305985141,0.74480747,3.731858841,0.677783265,126.2685084,2.763573768
1.842963324,0.37929006,6.60439767,0.767882983,138.1856245,2.434363462
3.131061069,0.349794307,3.789311905,0.887633153,97.98287619,2.171499737
3.832266018,0.109419629,8.418721058,0.445834118,65.26188371,2.924562661
1.865966432,0.952938201,5.324274033,0.4060996,72.99187117,3.087842275
4.290597085,0.607795114,9.489492286,0.647203508,134.2982761,4.033052733
3.891981429,0.050522661,2.253273922,0.964901993,73.66585298,1.204427525
2.515727166,0.32317451,6.817264333,0.176760664,177.8117554,2.371069038
4.523911643,0.226760754,4.071360006,0.268174883,119.7326776,2.017498917
1.939221701,0.742128498,4.760944679,0.436206061,75.40062556,2.802831276
2.252136497,0.424684554,3.281699365,0.709192248,97.30717956,2.009617404
2.760135015,0.026833019,4.914200953,0.453570969,100.4337825,1.359572704
3.597147275,0.448690579,3.471982204,0.77633112,60.8338147,1.967288995
4.192541701,0.619855158,3.474463736,0.763533647,90.9729155,2.52045861
1.57281725,0.512461858,7.021650569,0.244978548,144.2713537,2.694722077
3.598091133,0.721478201,7.856705729,0.944870429,144.5527003,3.489818804
4.584640755,0.494269523,7.399254794,0.980844164,130.5067095,3.165163521
4.367028894,0.142301401,5.423919302,0.122137051,166.6054733,1.960005349
3.345133627,0.083063258,1.598214454,0.767203624,79.45623542,1.232831947
4.670997381,0.534422056,1.909940906,0.538840725,178.4881619,1.878620993
1.032531163,0.811353647,5.021198994,0.175241298,166.0113675,2.753464584
2.488664454,0.799163132,6.325805793,0.765092494,173.1204527,3.031474199
2.217836868,0.409713172,7.638960512,0.911878737,132.865836,2.976380207
1.530765005,0.98115089,4.905740933,0.555650731,161.1679858,2.931467684
2.465237071,0.408232513,5.595073835,0.508711652,68.92298678,2.656213876
2.624283985,0.829994742,2.377358957,0.491221663,176.8222457,2.114497927
2.003796831,0.204342483,7.167471308,0.773111588,108.1708903,2.770613542
3.852457984,0.489545314,3.123728032,0.936378814,155.6593338,2.217890423
1.077283983,0.94840764,7.065965272,0.750098191,118.9752865,3.214657292
3.371442362,0.521769016,3.47878484,0.325963166,76.81098059,2.194721148
2.892667271,0.690856852,8.047779862,0.461089108,71.0321215,3.746054412
4.936326414,0.579276221,5.351260732,0.813625071,113.700717,3.054838251
2.242780537,0.429820709,5.614924861,0.117158749,115.1758149,2.250581416
3.147480571,0.668883042,9.564220849,0.586467,147.4071843,3.89532137
2.460739785,0.948053718,4.004569627,0.95969473,137.3727766,2.921633308
2.821878904,0.310816755,9.740277474,0.481280061,164.0015918,3.547387614
1.855586711,0.763085006,0.41641092,0.707142596,104.3507844,1.607071187
1.863359378,0.235670684,1.433640595,0.299261314,143.8205511,1.053458058
2.865426175,0.457288226,4.165403703,0.200449299,160.2395968,2.00465054
1.661580468,0.49323009,2.353809386,0.811908481,116.9428666,1.973900263
2.892742905,0.63261005,1.714360332,0.547437346,133.4312163,1.835107442
4.097267587,0.751789641,6.184717298,0.547521124,164.0826183,3.547745628
4.431743495,0.483732242,6.746789149,0.154189703,80.93481032,2.958431629
2.942717297,0.012010734,7.322442912,0.117978862,106.4401576,2.195993885
2.139963224,0.595439306,7.474022471,0.168934063,137.5561474,3.191562432
1.836519901,0.852861028,3.726748339,0.386892561,106.0011104,2.545797972
2.141690581,0.086961042,8.485423098,0.244191641,95.10111831,2.711588327
4.41877516,0.020389324,4.409450453,0.072959101,102.1314297,1.681425928
2.390823037,0.58606552,3.950849564,0.875688653,159.6757955,2.498869544
2.945310026,0.764438896,9.643097402,0.820155505,114.4934507,4.096848371
4.556643548,0.615540408,0.125395926,0.647205537,91.2828242,1.693054053
3.444877395,0.823898803,8.962835245,0.63168032,144.2445387,4.16397582
2.254026737,0.395334114,4.943013421,0.4529553,123.9105413,1.966170774
4.265404882,0.388334443,0.347093019,0.50016693,92.39297934,1.307244673
4.700619687,0.3760961,7.961682797,0.112052053,103.2781684,3.261075494
2.719219679,0.267021306,2.843020324,0.663679203,136.3549488,1.445672518
2.184700582,0.540346781,4.612418467,0.141334713,145.3231559,2.599037095
1.643105483,0.817425488,8.053488038,0.592593642,177.6461173,3.48710264
3.744592207,0.635786024,0.690200515,0.031117341,60.35459768,1.615585445
1.829376076,0.556441555,1.904883266,0.598031461,175.5853595,1.595406047
1.983401698,0.616182695,6.346274825,0.885402948,84.10699537,2.780335641
2.27617022,0.299122522,1.39988533,0.550601575,101.1749846,1.097550164
2.170506805,0.185793509,2.654467161,0.387234203,137.1144222,1.196570831
2.734217697,0.170855329,9.403983188,0.005689365,81.90595893,3.121102764
3.684909731,0.915511211,3.467774971,0.206858459,82.96758028,2.815008106
3.195726584,0.304634806,2.490675779,0.662834533,105.4299173,1.610246085
1.47675554,0.107924634,3.275724162,0.256288616,116.5152917,1.297045908
2.826079365,0.45282996,4.305875674,0.844534997,131.9619969,2.390817495
2.85832275,0.704806135,4.224057514,0.345072751,78.79160426,2.467677063
2.770610038,0.438393096,2.073811141,0.073335006,108.8297576,1.56234761
2.724705095,0.501270372,4.695329106,0.149872103,113.0162173,2.373001645
4.695787749,0.224507241,1.4796559,0.194786318,149.2624549,1.224807162
4.029936465,0.761437377,3.243531641,0.167209461,62.31671903,2.455598838
3.56231024,0.196181416,0.755537635,0.442567054,60.88535383,0.847054497
4.722991955,0.957967736,7.115887612,0.992635565,121.969455,3.939063756
4.246108809,0.164201195,9.474421393,0.566491438,116.7096601,3.127690305
2.383670106,0.853127474,6.302908053,0.255156658,83.15803876,3.306289244
4.779432087,0.514602595,6.671359897,0.252652262,114.0463599,3.32397756
3.527085922,0.34467955,7.524539781,0.735234504,74.30151515,3.277903704
2.279107071,0.852996157,4.218272738,0.93088025,147.6893395,3.100161234
4.054053972,0.734917364,8.356037457,0.840654085,94.30312576,3.84682058
1.408764675,0.217062365,1.939975701,0.03862093,118.1189329,0.964834665
1.131069187,0.859940184,2.614131065,0.072140162,100.1030975,1.901517056
3.91500676,0.005778805,1.566220214,0.986086059,155.5228294,0.975729948
2.502242056,0.945771017,8.868020891,0.2157227,162.5346038,4.326477994
3.875128066,0.696189591,7.425914753,0.724896932,138.6557506,3.72648978
4.73100458,0.542808512,4.461139906,0.804793315,140.9401668,3.021370278
1.116838959,0.496938658,9.58435218,0.788885145,126.6633292,3.557998871
2.395925626,0.423268703,5.09405908,0.20596818,176.0519045,2.352591006
2.922278967,0.314878438,4.789305886,0.836148537,134.6949084,2.215124837
1.860067997,0.633313554,7.929139176,0.322117791,95.23694688,2.963508426
4.376165117,0.941066117,6.486842521,0.846603782,106.482742,3.831733147
1.637294293,0.369023432,4.286220431,0.437256897,161.609482,2.136876861
2.964463938,0.573283201,7.713540676,0.340607601,105.599356,3.333234439
4.18027326,0.397140207,9.515865424,0.860372373,113.8281708,3.858210509
1.655745801,0.918893499,2.915141529,0.168427671,105.6246435,2.039999998
3.038043624,0.319401674,9.609904036,0.248152148,141.7347215,3.336374017
2.177589107,0.849172909,0.982293899,0.25385938,70.97757383,1.554340266
4.857951414,0.177119938,6.773714612,0.500935896,76.09427667,2.599959842
2.423512333,0.359817842,7.702542977,0.790146095,92.75362042,3.283098681
4.039243476,0.154368467,4.490415662,0.771552515,156.9753683,2.015611921
2.011726933,0.161404562,1.873512691,0.868467546,110.2895398,1.188322647
2.903017803,0.451090478,4.519237325,0.024150039,166.9576625,2.152102046
3.771406297,0.781484308,5.319376823,0.098384846,97.16324408,3.125126489
4.478487801,0.934583157,2.474703677,0.648429964,118.5385935,2.897554975
3.939922628,0.064603893,3.302615911,0.004715957,158.0782165,1.475196363
2.711249845,0.211996817,8.491766737,0.960312978,85.35848836,2.989542011
3.220221147,0.034271945,2.109866895,0.847783683,139.5568858,1.004924652
2.809318697,0.357022868,3.931180859,0.324557573,132.5934313,1.724328823
2.508401967,0.788813819,3.083850858,0.417393258,76.9087309,2.491525329
2.20833264,0.104787252,6.76860444,0.453023318,148.9062748,2.184035286
4.864585938,0.363143781,0.418832414,0.708824595,162.9072178,1.567766787
4.29351323,0.60358489,0.812312737,0.980442507,159.0339496,2.040352755
3.044766321,0.907890694,5.604015013,0.243258068,134.9467164,3.085930015
4.428385374,0.009229258,2.370730306,0.052834538,166.4845929,1.064046835
2.794165091,0.486669518,6.92358862,0.447144192,127.9269736,2.894367206
4.766275204,0.442973236,3.578078577,0.774926753,121.1391604,2.416541486
4.569927055,0.551331357,4.014373443,0.565718283,107.6292482,2.459348209
2.010940779,0.496993017,9.443399668,0.129676702,127.8873755,3.465688504
3.244318189,0.730189246,2.396709514,0.158946605,170.5444174,2.030677103
4.647075426,0.653163999,5.845702776,0.017845518,160.2436188,3.081686951
1.111129394,0.643128951,9.860277981,0.479083069,150.9858466,3.769752223
3.376946229,0.29982103,9.516537924,0.470208224,171.3399953,3.22962899
4.019703131,0.731835558,2.651268981,0.452921598,178.9853819,2.562827
4.831920133,0.657986983,5.245340902,0.999716915,100.2071231,3.367759401
1.21334733,0.676202407,5.484807148,0.817420902,108.1329464,2.672681222
4.048001617,0.905597194,9.301096134,0.916231193,81.06125441,4.254665184
4.49166194,0.012976779,0.104236575,0.481595287,172.3063282,0.615878104
3.722104989,0.525530765,0.315985236,0.086976876,74.63729098,1.382940956
4.076758839,0.508189769,7.975967527,0.974589617,147.5725785,3.398757389
2.516732101,0.238272817,3.570934194,0.319629348,138.7456975,1.536461636
4.752054009,0.430809923,5.484253926,0.967240666,68.99378521,2.695350741
3.323633264,0.071924373,8.709902806,0.025185751,75.35397914,3.071391675
4.546760835,0.725493299,6.846330601,0.823240744,136.2745475,3.733990685
4.671237201,0.104953126,1.069762266,0.907351066,171.4122284,1.147027161
3.469451485,0.368709753,9.754826642,0.42522032,73.3346412,3.392243886
2.966899387,0.87511153,8.393256454,0.990659734,134.0323651,3.902617044
4.587515268,0.389248178,6.350180432,0.331259901,111.2202166,3.031740269
1.805825657,0.778570659,0.825266367,0.685377834,105.4358951,1.568015643
3.990715162,0.692211133,1.079994068,0.240414539,138.9882277,1.5050747
2.013425647,0.380671096,3.023883557,0.246837578,119.7522633,1.409880853
4.060177581,0.624116033,7.326391786,0.734597857,168.6824889,3.450224507
1.165605202,0.13458776,7.01322137,0.492508863,169.7953236,1.958129769
3.983864552,0.744695002,0.992281134,0.448655364,172.5920873,1.906056023
2.517433849,0.446522849,6.76871134,0.185106193,78.34081755,2.640229893
1.899126547,0.258250454,1.469719965,0.171892049,61.46094257,1.00651816
4.31771495,0.964030249,0.15118124,0.59702141,98.97510674,2.409142729
1.453691396,0.968814109,2.124945744,0.369577199,176.7416161,2.091441187
4.781058911,0.103782849,7.218189976,0.61442478,117.2859201,2.741615454
2.56757388,0.10269376,5.51501527,0.91207349,168.5099838,1.978073656
2.941729424,0.184955037,3.628607461,0.571631824,152.2041285,1.730366734
2.289871298,0.257441071,6.460321076,0.21126611,90.73079373,2.432107091
3.730421968,0.967182695,2.906543443,0.771605635,79.17996433,3.112494304
4.20844935,0.823142922,8.549933184,0.19804909,166.7383317,4.005775448
2.63848611,0.896807475,8.007188665,0.273762371,125.7249426,3.771073337
3.17937577,0.525879784,1.198809186,0.911178901,102.6752386,2.056824816
3.755372731,0.261464523,3.627452278,0.897276057,129.5979735,2.086147445
4.645687793,0.22426167,0.617829337,0.61376067,90.78406305,1.07096541
2.347877795,0.469137383,4.666705932,0.716945248,89.65793385,2.526033443
4.948401596,0.591132901,3.204471073,0.461028662,178.7131793,2.445084673
4.446747198,0.276653251,2.301730207,0.169904128,149.1322108,1.736171284
3.076234316,0.136403631,7.15092511,0.130055083,145.9389357,2.665156343
1.981768076,0.876886636,6.72828801,0.701851093,108.5776582,3.533054306
1.857140975,0.8844193,1.487920836,0.469471731,106.0420524,1.966531069
4.986750204,0.537102958,1.519861051,0.180256465,142.0377555,1.659741778
3.246150271,0.245565258,2.833156387,0.846375635,143.4117974,1.633157067
3.350165243,0.339943444,7.205449823,0.436358117,172.2282367,2.976787442
4.935297707,0.346923886,3.515613387,0.872812661,179.8561592,2.291193862
1.684776075,0.749681191,5.284395929,0.072320166,114.6701865,2.666104946
3.188107123,0.136830821,4.723344692,0.253565575,64.71030535,1.511606792
2.584449053,0.226143641,8.611644992,0.644387203,78.13700121,3.039020644
2.745549929,0.578598351,6.694772914,0.49784375,121.4304726,3.077591496
1.381175395,0.43654345,9.963743707,0.737260711,79.18523339,3.441550503
1.84201247,0.153423296,6.608698175,0.797810184,106.4168558,2.01617798
4.973747141,0.434434706,8.947516934,0.675010907,72.21588427,3.927788199
3.790162876,0.306481448,0.026349152,0.670377912,102.7286688,0.823513571
3.147738951,0.762329052,9.244761032,0.230782101,128.2915023,4.01046168
4.454218449,0.202595954,2.571368795,0.489763071,94.23131602,1.377430404
3.75850173,0.186657844,1.523046882,0.872725372,139.95989,1.326569931
4.443459169,0.817611809,1.957769909,0.16053889,117.287851,2.320934162
1.654605859,0.80653719,5.763986893,0.751109453,74.97666769,3.138024087
2.778205892,0.757311736,9.966640231,0.169314675,149.2816738,3.915388311
1.418092786,0.24342703,4.868496079,0.227535687,174.3313466,1.776240618
2.526879475,0.086914887,0.750767984,0.548176196,79.44649561,0.757888676
4.183616944,0.442089401,4.87006275,0.171053637,173.4636802,2.478916394
2.095814707,0.67789112,9.635059607,0.347616848,121.5130487,4.038255107
1.673397676,0.009485425,6.469041702,0.589680483,78.96082648,1.785334425
1.154051243,0.362183991,6.089709613,0.130559504,74.21743373,2.264120201
4.943000101,0.708206592,6.492542081,0.080810552,149.9067963,3.604316718
4.811843814,0.217267694,1.211546888,0.177244746,110.8801398,1.212492648
1.69120055,0.120901824,5.577007271,0.828402027,101.5419928,2.026504913
4.433178907,0.643462885,7.601889654,0.144659068,105.8956817,3.482513103
1.161183332,0.657455506,2.925959429,0.309630891,155.2057713,1.778001888
4.619442936,0.133297082,1.831834361,0.867744866,116.0381772,1.361995265
4.962435101,0.547715362,2.243738907,0.774740694,104.5013782,2.161314331
4.141098519,0.270704459,1.503865901,0.982096686,135.9744785,1.563105568
4.498094812,0.742534438,9.639322391,0.875082645,163.0218036,4.174616735
2.532189154,0.97961085,0.914828451,0.895279555,176.3328179,2.144526688
4.464768799,0.887914658,6.434570834,0.208311003,73.10107164,3.724892717
1.118058957,0.099791625,6.570358451,0.538588368,66.61750167,2.166964711
3.025344168,0.087777765,6.590491245,0.775913119,102.4000628,2.38721046
1.847681354,0.687697537,8.121455234,0.810002054,163.5506643,3.467979554
3.105322417,0.573363426,1.783590252,0.076818451,74.28172636,2.092211914
4.460905618,0.781780713,7.15335167,0.328990093,118.0259187,3.573388075
4.057576456,0.013551563,2.710120141,0.117794756,96.55123533,0.848810313
3.329767462,0.980461705,8.222444717,0.224483646,162.3911334,3.948243663
3.697437999,0.206535706,3.257609309,0.710159438,178.1397878,1.74661852
1.044364986,0.027937666,5.590657148,0.280538819,68.60142206,1.685583856
1.181441004,0.933883066,2.978871887,0.336617147,158.1791073,2.23560998
3.066114322,0.277748561,4.628173155,0.89991814,93.2046827,2.029975392
1.71949428,0.019206145,3.323913469,0.18514668,151.252997,1.204586826
1.690145399,0.053946882,2.939491968,0.543935269,177.8819441,1.101463534
4.375267432,0.445474391,3.612286302,0.024970527,65.77080015,2.329581208
2.172397878,0.172755911,1.00435703,0.056740648,143.2882305,0.6975775
4.971593543,0.647873363,3.829193751,0.264982974,104.6364446,2.841803006
4.295466115,0.00114164,7.222088761,0.020150767,83.72502013,2.372747841
4.975662879,0.920545063,8.464858676,0.424563785,107.7150747,4.320370276
4.365193689,0.458432605,3.999215098,0.856956776,159.8186786,2.452672613
2.913858259,0.588201321,9.10639728,0.00532169,91.60812411,3.441535235
4.256649823,0.655945258,9.912548966,0.281315421,148.0420397,4.232677219
2.010457363,0.304496189,0.051269658,0.592141448,134.8380391,1.078297067
3.000724559,0.108423605,2.170020092,0.524507168,84.50085615,1.117971386
4.219736884,0.53596725,4.596186034,0.185013533,164.4867569,2.604513334
3.465174341,0.422180819,4.854243118,0.826185736,134.8404012,2.228047829
4.433422488,0.14580222,8.830617842,0.032444697,157.8182379,3.066610444
2.274871123,0.039154453,9.996667737,0.614748759,177.4492216,2.90273931
4.241491596,0.038238312,5.067968047,0.148015939,67.8339976,2.001171312
2.52957132,0.90396205,2.268398052,0.833777176,137.7507422,2.377537521
3.051701923,0.15682861,4.029778265,0.125543883,127.0434405,1.525699309
4.869850133,0.796386502,2.005775164,0.779044186,179.8576935,2.389435733
2.954960483,0.170027829,2.66580057,0.871036238,73.86608203,1.810741688
4.586726999,0.26347786,6.797758916,0.051584909,167.3065087,2.645503006
3.852892624,0.245091705,2.833828551,0.772785266,88.71502312,1.892426125
1.218145468,0.586280147,5.412634493,0.14478901,94.1953453,2.244686696
2.851416428,0.559216563,7.408096309,0.256171683,64.55500454,3.201233455
1.432011798,0.828498035,9.710470906,0.954889056,178.5507905,4.00012788
3.27337973,0.254377953,1.834948176,0.928151837,125.3912303,1.121074814
2.155445286,0.655711604,0.191283343,0.961191585,136.631861,1.401473799
3.81574491,0.77062836,0.05338266,0.111646862,121.3234869,1.933426056
4.842212758,0.021613806,8.165025902,0.46669343,80.09512423,2.806724716
1.100260842,0.797169703,5.179143154,0.04427352,127.3984923,2.602151003
3.713385281,0.919677867,7.462056187,0.84524283,101.6520996,4.016931048
3.985781059,0.394966313,2.974044112,0.54988777,84.31959543,1.870232217
1.271190374,0.270364339,6.999586825,0.183646717,62.3144853,2.576136574
3.75283807,0.461576666,9.768297502,0.514082623,178.2437286,3.798884763
2.562208779,0.04064029,5.132268014,0.130232497,86.56948671,1.538497795
1.377405317,0.912279152,4.230984985,0.177202642,64.23102881,2.568081057
3.431280966,0.80988226,9.200756434,0.806185923,129.7786324,3.904568332
2.435914334,0.801245551,6.184421408,0.161766873,108.3081173,3.057682652
1.249047384,0.871425906,1.346738053,0.245252462,65.89617425,1.886003549
4.573670524,0.619160028,5.614531827,0.470910039,93.2288665,3.084849041
4.93044678,0.848947103,1.734559841,0.888137152,138.5134008,2.344651321
4.97952551,0.773340549,1.181897725,0.472674754,130.0945566,2.189501927
4.468672383,0.623623154,6.951647661,0.946784692,168.3984569,3.337180409
2.682328333,0.36311011,9.464167739,0.668873023,94.6445876,3.388076282
1.945264532,0.18783544,4.083933272,0.358611348,121.3095866,1.559724906
1.566982538,0.180176965,5.585618412,0.825129367,141.9815405,1.582032333
3.02724081,0.904529061,2.808229872,0.021222433,144.2893865,2.660403952
1.221074518,0.676444322,3.81863891,0.274688102,167.3136351,2.431811673
4.337332614,0.960090946,4.948398935,0.103000336,122.4400926,3.448669334
3.796890825,0.349435004,8.759585778,0.79728996,116.1156494,3.512987763
1.835845712,0.468724409,3.019992522,0.905394257,84.7317442,1.86270495
4.066241639,0.468542389,1.00466385,0.919300013,64.5605584,1.614271215
2.044564672,0.334701052,6.219516227,0.623367223,67.09891499,2.553942235
4.822879816,0.370427638,3.595305098,0.11852659,82.8296191,2.271934006
4.638084381,0.019117185,1.16159868,0.894021719,128.2520664,1.060615965
1.796021763,0.445132934,9.402013971,0.884169118,69.01989137,3.456206352
3.16515612,0.717393287,4.84129696,0.352025503,118.2690397,3.045638174
4.036976183,0.962430746,9.921015282,0.140310187,92.61958795,4.429157992
4.280117032,0.253754017,3.479445147,0.156193424,144.3493239,1.993217856
3.175568537,0.653343903,6.859304304,0.251955326,174.7936551,3.261677952
1.345884328,0.200995904,4.055841178,0.605953895,151.3270252,1.403208876
2.494202109,0.128042485,5.819339206,0.650202874,119.8091435,2.023595775
3.761140904,0.469754757,2.482108377,0.48962088,78.39889422,2.136518075
4.263060302,0.294454531,5.08188978,0.84851086,116.3244368,2.583497548
2.705664728,0.856560802,6.322117692,0.309120809,145.1180174,3.390096795
4.281691385,0.616030776,8.443175008,0.44437696,103.1811844,3.909500839
4.125831338,0.052650751,2.257816119,0.34784738,138.1658577,1.253293735
4.945455043,0.913297128,0.700758675,0.14431966,82.95894493,2.043645674
4.885501102,0.702229914,1.124755087,0.171489955,90.34950717,2.341825245
4.639031675,0.82571748,5.083586341,0.920099913,85.53486631,3.466974254
1.599418466,0.135091552,9.325898595,0.858019891,82.72435008,2.962708447
4.099622966,0.0078601,5.124774472,0.667776763,94.1544042,1.805860105
1.524453063,0.242546934,3.617633506,0.190822612,120.6015139,1.372764354
1.2570077,0.051426058,6.756294876,0.304301792,140.6637804,1.763644911
4.804549435,0.848269292,3.279389697,0.627883407,146.3831043,2.986890394
3.568409179,0.966390247,9.94654797,0.923855578,143.3120279,4.81337782
3.0066206,0.733512318,3.569001615,0.004396157,70.56159725,2.058859287
4.434112015,0.088848183,7.819882347,0.272040411,167.4395212,2.648361158
1.377396292,0.578394347,1.394111038,0.706146569,85.76539814,1.510676766
3.497910005,0.734511564,3.017589633,0.646907736,63.19977758,2.651118581
4.475742108,0.053282236,8.496902667,0.357519849,82.7036119,2.837180982
2.323945456,0.555093268,5.73431858,0.685613564,112.5165473,2.928176709
4.955884675,0.900280469,4.076438893,0.251613773,122.7837638,3.017708313
4.385922619,0.659569362,3.11431967,0.534303996,141.9210883,2.557673056
1.788265668,0.833451696,3.643104637,0.180945554,72.46095807,2.650377048
3.710564139,0.760337898,8.117284504,0.273833155,173.9356387,3.462895864
3.73447141,0.995993153,5.847132085,0.604192131,109.2493102,3.503907498
1.68003923,0.542022204,7.589404726,0.603818744,151.5661515,2.91742562
4.955067847,0.905367177,9.651451435,0.33020509,100.9964996,4.601429609
4.498454172,0.672900967,9.071684727,0.314922419,84.71134131,4.17114839
1.574349097,0.975633099,7.716806764,0.880619605,62.97880303,3.98577107
3.912101612,0.224185252,7.626084161,0.742509628,123.1663919,2.539357777
4.66184412,0.168542875,5.937318157,0.977192608,129.6708484,2.648610034
1.779086157,0.690543836,9.712122312,0.834554626,119.6045441,4.027265147
1.318905363,0.392797835,1.793149855,0.521575318,134.7816044,1.175819486
4.727194408,0.907258923,5.225620261,0.228636192,130.2546913,3.356473662
4.457088037,0.243279063,1.610720104,0.205043533,123.4768206,1.535653353
4.065027042,0.296369673,8.950666365,0.179879763,179.9991522,2.984682334
2.164741454,0.892375029,8.627343996,0.362615928,164.8257956,3.775322
3.963447148,0.056354252,3.544821672,0.238111941,110.69026,1.62923605
3.188364505,0.774930611,3.695816196,0.996625907,97.13421905,3.011892555
3.455314306,0.573609341,2.193708109,0.204647619,66.83169055,1.99461979
1.034041413,0.108970824,5.549641208,0.337651049,89.05647852,1.820723624
1.075094905,0.61851674,3.795296118,0.878540224,142.5387647,2.185005187
1.862627689,0.56446893,2.280893695,0.15930178,174.5273477,1.663672754
3.276907532,0.83411275,3.219864765,0.770226846,113.4953388,2.754824624
4.53497988,0.655481985,8.049736496,0.83029943,78.61208383,3.805546351
3.050254264,0.23409346,3.182452727,0.461594959,175.2831453,1.62956255
1.713355015,0.53821368,4.009572699,0.873966433,128.9447248,1.993185592
4.953153524,0.206138304,1.640737091,0.560053273,110.0524883,1.772421441
2.828355,0.904952073,9.576721351,0.851346995,112.6654581,4.630485453
3.862263312,0.123045955,7.235181732,0.826018801,178.7827944,2.516150386
2.597090589,0.131171739,5.178331865,0.840219912,99.06948409,2.073457895
1.882619285,0.400079789,8.259201038,0.612643865,109.9092706,3.065599356
4.88464963,0.298051791,5.979140971,0.684825324,159.4130252,2.662666345
2.68049334,0.088511865,6.009027989,0.250669798,81.09417992,1.989945982
4.806390515,0.540709295,7.386525101,0.173438509,91.13980289,3.257447352
3.813821387,0.516846062,8.094189565,0.084726255,80.48487579,3.489386111
4.038050545,0.189427224,3.65310818,0.207242611,176.1790993,1.57461758
1.998435953,0.152806157,0.429374171,0.753009829,60.01119416,0.626108602
1.822409905,0.716170673,4.636346511,0.372066751,62.9964786,2.57542112
3.421097571,0.091416726,8.931689749,0.752448311,102.4373118,2.973697839
4.51679149,0.35506231,6.55037242,0.692210087,122.7770415,3.24971281
3.540932594,0.681851821,0.781795643,0.020669824,174.2727727,1.603716175
3.668027842,0.824225523,2.071509333,0.55233055,124.1517869,2.427475897
1.502403415,0.860836393,5.582105614,0.236461488,160.1938966,2.987381423
1.135911522,0.25202731,7.454542874,0.813467781,83.89908707,2.589736011
4.212973468,0.504199536,3.767704479,0.357407701,103.4427969,1.917467396
1.741740722,0.492445358,2.005047467,0.447686678,68.03467877,1.595811023
3.942488014,0.656918679,6.532261031,0.132108282,63.18618477,3.178161328
1.722916464,0.123246039,6.343706522,0.3279623,126.4275451,2.242664729
3.773775267,0.638003639,2.83667135,0.827972202,60.07035886,2.333879254
4.835652285,0.130427565,6.391478217,0.065093604,137.1667435,2.275193095
3.181737138,0.015426845,6.01273579,0.237277532,176.8048373,2.036375169
3.346945088,0.403308854,6.40205065,0.603567933,158.0125993,2.762806819
3.297313538,0.935711531,3.981664779,0.355810605,71.14863225,2.869326957
2.006459853,0.642902326,6.744398604,0.234764796,140.7202709,2.778204332
3.320147047,0.585797093,6.576662583,0.539249495,74.24887501,3.031177072
2.680588514,0.680833329,9.087208205,0.85108484,103.3275105,3.954765777
1.334996789,0.324623213,4.457786933,0.71351197,76.48599959,2.210757447
3.71878734,0.274140024,3.773583548,0.829307957,174.750251,2.001648368
2.921550947,0.242745738,5.076579692,0.205323111,88.54243694,2.33042146
4.869236361,0.78760097,9.800920156,0.46567498,73.19848211,4.45717001
4.168990227,0.599682358,5.683546986,0.578334895,94.46427168,2.990152518
1.269434973,0.472365595,4.079301673,0.298439678,64.23814248,2.191874625
2.292801134,0.047043723,6.121023971,0.553293447,120.2811811,1.736191855
1.239582549,0.504943365,4.757523117,0.748872347,68.10503865,2.561276609
4.43489898,0.040670934,9.563591794,0.202875773,150.9963463,3.092983927
3.837129566,0.148050077,0.531103699,0.744189485,144.4030125,1.02627668
4.810975216,0.048739605,2.493558552,0.915718695,149.1353796,1.108133048
3.492721154,0.230275062,4.860867711,0.652604412,176.3492277,2.200469104
1.568223899,0.735826304,9.992961286,0.107561742,169.7598641,3.878901698
3.584194926,0.721387939,9.462333281,0.968107492,78.22972139,4.340234056
2.659289366,0.850536995,8.976286379,0.218305784,175.6380317,3.738741716
4.698552462,0.895280363,3.469151606,0.420025491,108.405926,3.024619327
2.461346594,0.531624485,0.210148258,0.463662587,132.7952643,1.413708894
3.534354367,0.815990642,6.838774356,0.285316426,63.09165448,3.483794741
4.860244358,0.203954128,4.892572222,0.860873818,74.337181,2.197564538
2.014716406,0.155345831,4.36700732,0.610646124,131.925545,1.537791199
3.626241275,0.71141881,0.164413537,0.260233625,88.55118366,1.884346474
4.00074768,0.026539645,9.362460276,0.458263833,173.3946772,2.89866091
3.670665097,0.811671017,1.988971423,0.76488316,94.93113935,2.517754178
1.381976038,0.471150007,6.542425194,0.771276817,167.2243328,2.498440451
4.194589675,0.80139953,9.671184267,0.921187836,113.9077901,4.520767063
4.35485914,0.442834863,3.478799658,0.414992525,160.2528938,2.153972469
3.536650647,0.209020141,7.804765542,0.778313388,163.0168749,2.66653197
4.837597905,0.080859938,8.167078714,0.996994586,143.2574236,2.939457209
3.302589364,0.236303667,1.080507724,0.491288743,116.2620194,1.005002789
1.225424228,0.550706467,4.917396669,0.462875659,90.03255607,2.379901074
1.842319832,0.186177574,5.499701433,0.055491155,167.830829,1.87601525
2.490745121,0.469951703,4.82952466,0.732045487,65.41405599,2.394668924
3.524923726,0.127618009,5.974411435,0.873579416,117.9304124,2.151544436
2.128005074,0.242899261,1.909179359,0.296782615,66.32815889,1.212453227
1.620532806,0.15879581,6.036352831,0.261749203,160.90174,2.182715874
3.634850524,0.531006026,0.398143844,0.428635831,109.7285352,1.420179819
4.003138881,0.691007291,8.306714907,0.556906039,166.0272875,3.557611685
4.142318222,0.860861917,6.771183827,0.924593137,150.6711764,3.819539608
1.991765482,0.52059627,5.389419852,0.586504031,66.09602864,2.760893489
4.989496283,0.097755138,0.022661743,0.597060564,174.3457485,1.000717301
4.799822804,0.611697288,6.249587352,0.488506933,81.17560914,3.255456459
1.584048472,0.086523378,7.94272904,0.36712671,113.6728279,2.14469789
3.487265415,0.635752715,5.688863899,0.899351133,129.8544638,2.842021873
3.312213709,0.212842536,2.311313282,0.819696893,166.267867,1.350076077
2.795083137,0.586648565,6.60658022,0.510030802,94.88425023,3.312363164
4.319363736,0.030715745,1.361775493,0.640963394,174.2925352,1.185148162
1.076453043,0.835741786,6.245675249,0.097023481,148.4074072,2.833934371
4.337620334,0.74401798,6.885957278,0.961824508,155.3101271,3.451865905
4.405018209,0.576685025,7.48506801,0.804971822,92.23629614,3.621647367
3.547081598,0.534516036,3.475889168,0.506596563,111.9156469,1.934061265
3.198533224,0.152227621,6.676675864,0.667766918,68.52536132,2.266204667
2.144814321,0.171725646,9.581926858,0.279851142,170.8857598,3.115851819
3.890730788,0.986695275,8.642371332,0.62483586,113.6912314,4.265354828
2.273186259,0.288212542,0.502967427,0.928783341,109.1335431,0.874985593
1.251306691,0.548749538,0.107620494,0.163318151,169.0328759,1.102862339
1.818226182,0.441894242,7.904308451,0.095714081,157.8876642,2.653494628
3.806643214,0.390659812,2.551625235,0.288318831,87.33986897,1.834560435
1.346823031,0.354601069,7.78003144,0.834189696,140.6077757,2.72207821
3.204119542,0.689314273,0.247404562,0.297291326,90.6177612,1.358023053
3.696850488,0.297116284,2.386137783,0.94898595,105.4439841,1.743873336
2.734545502,0.514078481,2.347825978,0.066525703,132.0884844,1.639310436
2.476145099,0.892278706,2.540888281,0.025100213,176.3974225,2.310243515
3.367956237,0.399387225,5.790277233,0.483808225,102.6295543,2.956123475
3.870901536,0.380172417,9.478040384,0.39717532,153.3482608,3.275404193
1.903026247,0.249734272,0.559838556,0.461262355,122.1033539,0.901737161
4.977494515,0.462185038,4.599624518,0.594519292,61.24263011,2.902014598
4.372812324,0.577549296,5.77590891,0.992857533,115.6081223,3.058784304
1.649983542,0.85741016,7.020270096,0.477357384,113.6237972,3.420964603
3.541204493,0.885990217,4.556684635,0.295531861,88.98347488,3.021838235
4.803896618,0.428220029,1.762659618,0.265247689,76.72943031,1.932528909
3.870865071,0.171247663,5.992803507,0.073570445,136.2000356,2.406666107
4.667875692,0.394000541,6.005233076,0.386139066,113.4997666,2.780418108
3.549814723,0.364009324,5.168335131,0.054359452,127.6928498,2.24771146
4.118910299,0.04042513,0.671519894,0.65637755,62.59607254,0.883516552
1.085867593,0.32812273,4.714739023,0.484160286,156.4296936,1.962697323
3.959667905,0.188182768,5.613414219,0.338021448,69.85030634,2.251423048
1.937289439,0.093950517,6.576253532,0.343888486,80.83011749,2.108228952
4.400678197,0.410118876,3.197459656,0.429839958,86.56086359,2.107826365
2.705643963,0.269510928,4.740300872,0.528882264,87.26194446,2.065362935
3.192517698,0.25086584,2.417853223,0.14587698,112.3976129,1.319412015
3.543984557,0.10871449,9.26412955,0.404474486,160.8287696,2.96417627
1.580048158,0.299354908,4.30766457,0.875000221,120.3966719,1.728762792
4.476551997,0.536929997,1.308881688,0.653177025,162.6205068,1.828330993
2.598066374,0.477650831,3.634667315,0.860760212,86.30122229,1.907422992
3.706380143,0.495810828,4.876776941,0.599254869,141.6556972,2.506532132
4.345975842,0.380682131,9.111907852,0.988625651,150.8032868,3.408089628
2.275756601,0.44924835,5.644578124,0.283438168,144.4724568,2.59251829
3.601981201,0.895140455,6.233453011,0.483206678,84.36173086,3.613208753
3.704630281,0.289169422,8.688628248,0.237777258,105.1004474,3.245009599
4.419742268,0.084493007,3.581661199,0.68650827,105.5820253,1.83249495
2.734601426,0.33030894,5.153062826,0.918921529,136.3189618,2.636606261
2.885096116,0.384484933,5.944762818,0.462765699,120.9839761,2.685536435
